<?xml version="1.0" encoding="UTF-8"?>
<project-private xmlns="http://www.netbeans.org/ns/project-private/1">
    <editor-bookmarks xmlns="http://www.netbeans.org/ns/editor-bookmarks/2" lastBookmarkId="0"/>
    <open-files xmlns="http://www.netbeans.org/ns/projectui-open-files/2">
        <group>
            <file>file:/C:/Users/I%20SEvEN/Documents/NetBeansProjects/Midi_Bridge/src/MediBridge/Doctors.java</file>
            <file>file:/C:/Users/I%20SEvEN/Documents/NetBeansProjects/Midi_Bridge/src/MediBridge/dischargePatient.java</file>
            <file>file:/C:/Users/I%20SEvEN/Documents/NetBeansProjects/Midi_Bridge/src/db/DatabaseConnection.java</file>
            <file>file:/C:/Users/I%20SEvEN/Documents/NetBeansProjects/Midi_Bridge/src/MediBridge/editDetaulDoc.java</file>
            <file>file:/C:/Users/I%20SEvEN/Documents/NetBeansProjects/Midi_Bridge/src/MediBridge/Patient.java</file>
            <file>file:/C:/Users/I%20SEvEN/Documents/NetBeansProjects/Midi_Bridge/src/MediBridge/login.java</file>
            <file>file:/C:/Users/I%20SEvEN/Documents/NetBeansProjects/Midi_Bridge/src/MediBridge/viewdetailsPAtient.java</file>
            <file>file:/C:/Users/I%20SEvEN/Documents/NetBeansProjects/Midi_Bridge/src/MediBridge/admitpatient.java</file>
            <file>file:/C:/Users/I%20SEvEN/Documents/NetBeansProjects/Midi_Bridge/src/MediBridge/addDoctor.java</file>
            <file>file:/C:/Users/I%20SEvEN/Documents/NetBeansProjects/Midi_Bridge/src/MediBridge/veiwDetailDoc.java</file>
            <file>file:/C:/Users/I%20SEvEN/Documents/NetBeansProjects/Midi_Bridge/src/MediBridge/editPatient.java</file>
            <file>file:/C:/Users/I%20SEvEN/Documents/NetBeansProjects/Midi_Bridge/src/MediBridge/fireDoc.java</file>
        </group>
    </open-files>
</project-private>
